<?xml version="1.0" encoding="UTF-8" standalone="yes"?>
<addon id="service.arctic.zephyr.mod.autocolors" name="Arctic: Zephyr - Reloaded - Automatic Day/Night Colors" version="0.0.5" provider-name="semool">
	<requires>
		<import addon="xbmc.gui" version="5.15.0"/>
		<import addon="skin.arctic.zephyr.mod" version="1.1.22"/>
	</requires>
	<extension point="xbmc.service" library="service.py"start="startup" />
	<extension point="xbmc.addon.metadata">
		<summary lang="en_GB">Automatic time controlled theme color change between Light and Dark</summary>
		<summary lang="de">Automatischer Zeitgesteuerter Skin Farbwechsel zwischen Hell und Dunkel</summary>
		<platform>all</platform>
		<license>GNU GENERAL PUBLIC LICENSE Version 2</license>
		<assets>
			<icon>icon.png</icon>
			<fanart>fanart.png</fanart>
		</assets>
	</extension>
</addon>